ID,FIRST_NAME,LAST_NAME,UPDATED_AT
1,Michael,P.,1/4/2020
2,Shawn,M.,1/5/2020
3,Kathleen,P.,1/6/2020
4,Jimmy,C.,1/7/2020
5,Katherine,R.,1/8/2020
6,Sarah,R.,1/9/2020
7,Martin,M.,1/10/2020
8,Frank,R.,1/11/2020
9,Jennifer,F.,1/12/2020
10,Henry,W.,1/13/2020
11,Fred,S.,1/14/2020
12,Amy,D.,1/15/2020
13,Kathleen,M.,1/16/2020
14,Steve,F.,1/17/2020
15,Teresa,H.,1/18/2020
16,Amanda,H.,1/19/2020
17,Kimberly,R.,1/20/2020
18,Johnny,K.,1/21/2020
19,Virginia,F.,1/22/2020
20,Anna,A.,1/23/2020
21,Willie,H.,1/24/2020
22,Sean,H.,1/25/2020
23,Mildred,A.,1/26/2020
24,David,G.,1/27/2020
25,Victor,H.,1/28/2020
26,Aaron,R.,1/29/2020
27,Benjamin,B.,1/30/2020
28,Lisa,W.,1/31/2020
29,Benjamin,K.,2/1/2020
30,Christina,W.,2/2/2020
31,Jane,G.,2/3/2020
32,Thomas,O.,2/4/2020
33,Katherine,M.,2/5/2020
34,Jennifer,S.,2/6/2020
35,Sara,T.,2/7/2020
36,Harold,O.,2/8/2020
37,Shirley,J.,2/9/2020
38,Dennis,J.,2/10/2020
39,Louise,W.,2/11/2020
40,Maria,A.,2/12/2020
41,Gloria,C.,2/13/2020
42,Diana,S.,2/14/2020
43,Kelly,N.,2/15/2020
44,Jane,R.,2/16/2020
45,Scott,B.,2/17/2020
46,Norma,C.,2/18/2020
47,Marie,P.,2/19/2020
48,Lillian,C.,2/20/2020
49,Judy,N.,2/21/2020
50,Billy,L.,2/22/2020
51,Howard,R.,2/23/2020
52,Laura,F.,2/24/2020
53,Anne,B.,2/25/2020
54,Rose,M.,2/26/2020
55,Nicholas,R.,2/27/2020
56,Joshua,K.,2/28/2020
57,Paul,W.,2/29/2020
58,Kathryn,K.,3/1/2020
59,Adam,A.,3/2/2020
60,Norma,W.,3/3/2020
61,Timothy,R.,3/4/2020
62,Elizabeth,P.,3/5/2020
63,Edward,G.,3/6/2020
64,David,C.,3/7/2020
65,Brenda,W.,3/8/2020
66,Adam,W.,3/9/2020
67,Michael,H.,3/10/2020
68,Jesse,E.,3/11/2020
69,Janet,P.,3/12/2020
70,Helen,F.,3/13/2020
71,Gerald,C.,3/14/2020
72,Kathryn,O.,3/15/2020
73,Alan,B.,3/16/2020
74,Harry,A.,3/17/2020
75,Andrea,H.,3/18/2020
76,Barbara,W.,3/19/2020
77,Anne,W.,3/20/2020
78,Harry,H.,3/21/2020
79,Jack,R.,3/22/2020
80,Phillip,H.,3/23/2020
81,Shirley,H.,3/24/2020
82,Arthur,D.,3/25/2020
83,Virginia,R.,3/26/2020
84,Christina,R.,3/27/2020
85,Theresa,M.,3/28/2020
86,Jason,C.,3/29/2020
87,Phillip,B.,3/30/2020
88,Adam,T.,3/31/2020
89,Margaret,J.,4/1/2020
90,Paul,P.,4/2/2020
91,Todd,W.,4/3/2020
92,Willie,O.,4/4/2020
93,Frances,R.,4/5/2020
94,Gregory,H.,4/6/2020
95,Lisa,P.,4/7/2020
96,Jacqueline,A.,4/8/2020
97,Shirley,D.,4/9/2020
98,Nicole,M.,4/10/2020
99,Mary,G.,4/11/2020
100,Jean,M.,4/12/2020